-- ULTIMATE 100% Comprehensive Restoration Script
-- Generated from ALL historical code assets with REAL TITLES

INSERT INTO services (id, category, title, description, gradient, stats) VALUES ('africanism', 'Production', 'Africanism', 'Professional Africanism services.', 'from-gold to-terracotta', 'Featured') ON CONFLICT (id) DO NOTHING;
INSERT INTO services (id, category, title, description, gradient, stats) VALUES ('commercial', 'Production', 'Commercial', 'Professional Commercial services.', 'from-gold to-terracotta', 'Featured') ON CONFLICT (id) DO NOTHING;
INSERT INTO services (id, category, title, description, gradient, stats) VALUES ('corporate', 'Production', 'Corporate', 'Professional Corporate services.', 'from-gold to-terracotta', 'Featured') ON CONFLICT (id) DO NOTHING;
INSERT INTO services (id, category, title, description, gradient, stats) VALUES ('creative', 'Production', 'Creative', 'Professional Creative services.', 'from-gold to-terracotta', 'Featured') ON CONFLICT (id) DO NOTHING;
INSERT INTO services (id, category, title, description, gradient, stats) VALUES ('event', 'Production', 'Event', 'Professional Event services.', 'from-gold to-terracotta', 'Featured') ON CONFLICT (id) DO NOTHING;
INSERT INTO services (id, category, title, description, gradient, stats) VALUES ('events', 'Production', 'Events', 'Professional Events services.', 'from-gold to-terracotta', 'Featured') ON CONFLICT (id) DO NOTHING;
INSERT INTO services (id, category, title, description, gradient, stats) VALUES ('fashion', 'Production', 'Fashion', 'Professional Fashion services.', 'from-gold to-terracotta', 'Featured') ON CONFLICT (id) DO NOTHING;
INSERT INTO services (id, category, title, description, gradient, stats) VALUES ('graduation', 'Production', 'Graduation', 'Professional Graduation services.', 'from-gold to-terracotta', 'Featured') ON CONFLICT (id) DO NOTHING;
INSERT INTO services (id, category, title, description, gradient, stats) VALUES ('headshots', 'Production', 'Headshots', 'Professional Headshots services.', 'from-gold to-terracotta', 'Featured') ON CONFLICT (id) DO NOTHING;
INSERT INTO services (id, category, title, description, gradient, stats) VALUES ('products', 'Production', 'Products', 'Professional Products services.', 'from-gold to-terracotta', 'Featured') ON CONFLICT (id) DO NOTHING;
INSERT INTO services (id, category, title, description, gradient, stats) VALUES ('real-estate', 'Production', 'Real Estate', 'Professional Real Estate services.', 'from-gold to-terracotta', 'Featured') ON CONFLICT (id) DO NOTHING;
INSERT INTO services (id, category, title, description, gradient, stats) VALUES ('sports', 'Production', 'Sports', 'Professional Sports services.', 'from-gold to-terracotta', 'Featured') ON CONFLICT (id) DO NOTHING;
INSERT INTO services (id, category, title, description, gradient, stats) VALUES ('studio', 'Production', 'Studio', 'Professional Studio services.', 'from-gold to-terracotta', 'Featured') ON CONFLICT (id) DO NOTHING;
INSERT INTO services (id, category, title, description, gradient, stats) VALUES ('wedding', 'Production', 'Wedding', 'Professional Wedding services.', 'from-gold to-terracotta', 'Featured') ON CONFLICT (id) DO NOTHING;

INSERT INTO portfolio_items (title, category, image, type, year, width, height)
VALUES
('Corporate Headshot', 'headshots', 'https://ik.imagekit.io/5zp8ovb7c/Kgill/Headshots/Headshot10.jpg?updatedAt=1757781887276', 'Headshots', '2024', 800, 1200),
('Artist Portrait', 'headshots', 'https://ik.imagekit.io/5zp8ovb7c/Kgill/Headshots/Headshot9.jpg?updatedAt=1757781886781', 'Headshots', '2024', 800, 1200),
('Business Professional', 'headshots', 'https://ik.imagekit.io/5zp8ovb7c/Kgill/Headshots/Headshot3.jpg?updatedAt=1757781886251', 'Headshots', '2024', 800, 1200),
('Creative Professional', 'headshots', 'https://ik.imagekit.io/5zp8ovb7c/Kgill/Headshots/Headshot6.jpg?updatedAt=1757781885957', 'Headshots', '2024', 800, 1200),
('Industry Leader', 'headshots', 'https://ik.imagekit.io/5zp8ovb7c/Kgill/Headshots/Headshot8.jpg?updatedAt=1757781885499', 'Headshots', '2024', 800, 1200),
('Executive Portrait', 'headshots', 'https://ik.imagekit.io/5zp8ovb7c/Kgill/Headshots/Headshot4.jpg?updatedAt=1757781885300', 'Headshots', '2024', 800, 1200),
('Professional Headshot', 'headshots', 'https://ik.imagekit.io/5zp8ovb7c/Kgill/Headshots/Headshot5.jpg?updatedAt=1757781884664', 'Headshots', '2024', 800, 1200),
('Corporate Executive', 'headshots', 'https://ik.imagekit.io/5zp8ovb7c/Kgill/Headshots/HeadShot1.jpg?updatedAt=1757781883110', 'Headshots', '2024', 800, 1200),
('Artistic Portrait', 'headshots', 'https://ik.imagekit.io/5zp8ovb7c/Kgill/Headshots/Headshot2.jpg?updatedAt=1757781880859', 'Headshots', '2024', 800, 1200),
('Executive Headshot', 'headshots', 'https://ik.imagekit.io/5zp8ovb7c/Kgill/Headshots/Headshot7.jpg?updatedAt=1757781874606', 'Headshots', '2024', 800, 1200),
('Kenya Fashion Awards', 'events', 'https://ik.imagekit.io/5zp8ovb7c/Kgill/Events/Event1.jpg', 'Events', '2024', 800, 1200),
('Laikipia Fashion Gala', 'events', 'https://ik.imagekit.io/5zp8ovb7c/Kgill/Events/Event2.jpg', 'Events', '2024', 800, 1200),
('Kenya Colour Run', 'events', 'https://ik.imagekit.io/5zp8ovb7c/Kgill/Events/Event3.jpg', 'Events', '2024', 800, 1200),
('Clever Art Event', 'events', 'https://ik.imagekit.io/5zp8ovb7c/Kgill/Events/Event4.jpg', 'Events', '2024', 800, 1200),
('Pawa Festival', 'events', 'https://ik.imagekit.io/5zp8ovb7c/Kgill/Events/Event5.jpg', 'Events', '2024', 800, 1200),
('Jkuat Awards', 'events', 'https://ik.imagekit.io/5zp8ovb7c/Kgill/Events/Event6.jpg', 'Events', '2024', 800, 1200),
('Mr & Miss Jkuat', 'events', 'https://ik.imagekit.io/5zp8ovb7c/Kgill/Events/Event7.jpg', 'Events', '2024', 800, 1200),
('Dream Kona Events', 'events', 'https://ik.imagekit.io/5zp8ovb7c/Kgill/Events/Event8.jpg', 'Events', '2024', 800, 1200),
('Tuvibe Festival', 'events', 'https://ik.imagekit.io/5zp8ovb7c/Kgill/Events/Event9.jpg', 'Events', '2024', 800, 1200),
('Wedding Ceremony', 'events', 'https://ik.imagekit.io/5zp8ovb7c/Kgill/Events/Event10.jpg', 'Events', '2024', 800, 1200),
('Baby Shower', 'events', 'https://ik.imagekit.io/5zp8ovb7c/Kgill/Events/Event11.jpg', 'Events', '2024', 800, 1200),
('Birthday Party', 'events', 'https://images.pexels.com/photos/1190297/pexels-photo-1190297.jpeg?auto=compress&cs=tinysrgb&w=1200', 'Events', '2024', 800, 1200),
('Kibera Talent Search', 'events', 'https://ik.imagekit.io/5zp8ovb7c/Kgill/Events/Event13.jpg', 'Events', '2024', 800, 1200),
('Mr & Miss Kibera', 'events', 'https://ik.imagekit.io/5zp8ovb7c/Kgill/Events/Event14.jpg', 'Events', '2024', 800, 1200),
('The Millenials', 'events', 'https://ik.imagekit.io/5zp8ovb7c/Kgill/Events/Event15.jpg', 'Events', '2024', 800, 1200),
('Special Occasion', 'events', 'https://ik.imagekit.io/5zp8ovb7c/Kgill/Events/Event16.jpg', 'Events', '2024', 800, 1200),
('Event Coverage', 'events', 'https://ik.imagekit.io/5zp8ovb7c/Kgill/Events/Event17.jpg', 'Events', '2024', 800, 1200),
('Memorable Moment', 'events', 'https://ik.imagekit.io/5zp8ovb7c/Kgill/Events/Event18.jpg', 'Events', '2024', 800, 1200),
('Celebration', 'events', 'https://ik.imagekit.io/5zp8ovb7c/Kgill/Events/Event19.jpg', 'Events', '2024', 800, 1200),
('Festival', 'events', 'https://ik.imagekit.io/5zp8ovb7c/Kgill/Events/Event20.jpg', 'Events', '2024', 800, 1200),
('Special Event', 'events', 'https://ik.imagekit.io/5zp8ovb7c/Kgill/Events/Event21.jpg', 'Events', '2024', 800, 1200),
('Wedding Moments', 'wedding', 'https://ik.imagekit.io/5zp8ovb7c/Kgill/Wedding/Wed.jpg?updatedAt=1759398774220', 'Wedding', '2024', 800, 1200),
('Couple Love', 'wedding', 'https://ik.imagekit.io/5zp8ovb7c/Kgill/Wedding/Wed7.jpg?updatedAt=1759398775225', 'Wedding', '2024', 800, 1200),
('Special Ceremony', 'wedding', 'https://ik.imagekit.io/5zp8ovb7c/Kgill/Wedding/Wed3.jpg', 'Wedding', '2024', 800, 1200),
('Happy Couple', 'wedding', 'https://ik.imagekit.io/5zp8ovb7c/Kgill/Wedding/Wed4.jpg', 'Wedding', '2024', 800, 1200),
('Wedding Joy', 'wedding', 'https://ik.imagekit.io/5zp8ovb7c/Kgill/Wedding/Wed5.jpg', 'Wedding', '2024', 800, 1200),
('Celebration Highlights', 'wedding', 'https://ik.imagekit.io/5zp8ovb7c/Kgill/Wedding/Wedding16.jpg?updatedAt=1759397148221', 'Wedding', '2024', 800, 1200),
('Romantic Moments', 'wedding', 'https://ik.imagekit.io/5zp8ovb7c/Kgill/Wedding/Wed7.jpg', 'Wedding', '2024', 800, 1200),
('Wedding Bliss', 'wedding', 'https://ik.imagekit.io/5zp8ovb7c/Kgill/Wedding/Wed8.jpg', 'Wedding', '2024', 800, 1200),
('Love Story', 'wedding', 'https://ik.imagekit.io/5zp8ovb7c/Kgill/Wedding/Wed9.jpg', 'Wedding', '2024', 800, 1200),
('Forever Love', 'wedding', 'https://ik.imagekit.io/5zp8ovb7c/Kgill/Wedding/Wed10.jpg', 'Wedding', '2024', 800, 1200),
('Forever Love', 'wedding', 'https://ik.imagekit.io/5zp8ovb7c/Kgill/Wedding/Wedding10.jpg?updatedAt=1759397148343', 'Wedding', '2024', 800, 1200),
('Forever Love', 'wedding', 'https://ik.imagekit.io/5zp8ovb7c/Kgill/Wedding/Wedding11.jpg?updatedAt=1759397148387', 'Wedding', '2024', 800, 1200),
('Forever Love', 'wedding', 'https://ik.imagekit.io/5zp8ovb7c/Kgill/Wedding/Wedding31.jpg?updatedAt=1759397148442', 'Wedding', '2024', 800, 1200),
('Forever Love', 'wedding', 'https://ik.imagekit.io/5zp8ovb7c/Kgill/Wedding/Wedding5.jpg?updatedAt=1759397148239', 'Wedding', '2024', 800, 1200),
('Forever Love', 'wedding', 'https://ik.imagekit.io/5zp8ovb7c/Kgill/Wedding/Wedding30.jpg?updatedAt=1759397148749', 'Wedding', '2024', 800, 1200),
('Corporate Team Photo', 'corporate', 'https://ik.imagekit.io/5zp8ovb7c/Kgill/Corporate/CORPORATE1.jpg?updatedAt=1759414890450', 'Corporate', '2024', 800, 1200),
('Board Meeting', 'corporate', 'https://ik.imagekit.io/5zp8ovb7c/Kgill/Corporate/CORPORATE10.jpg?updatedAt=1759414889734', 'Corporate', '2024', 800, 1200),
('Executive Portrait', 'corporate', 'https://ik.imagekit.io/5zp8ovb7c/Kgill/Corporate/CORPORATE11.jpg?updatedAt=1759414892507', 'Corporate', '2024', 800, 1200),
('Office Culture', 'corporate', 'https://ik.imagekit.io/5zp8ovb7c/Kgill/Corporate/CORPORATE12.jpg?updatedAt=1759414889763', 'Corporate', '2024', 800, 1200),
('Business Meeting', 'corporate', 'https://ik.imagekit.io/5zp8ovb7c/Kgill/Corporate/CORPORATE13.jpg?updatedAt=1759414897700', 'Corporate', '2024', 800, 1200),
('Corporate Event', 'corporate', 'https://ik.imagekit.io/5zp8ovb7c/Kgill/Corporate/CORPORATE18.jpg?updatedAt=1759414890314', 'Corporate', '2024', 800, 1200),
('Team Collaboration', 'corporate', 'https://ik.imagekit.io/5zp8ovb7c/Kgill/Corporate/CORPORATE17.jpg?updatedAt=1759414906205', 'Corporate', '2024', 800, 1200),
('Business Presentation', 'corporate', 'https://ik.imagekit.io/5zp8ovb7c/Kgill/Corporate/CORPORATE16.jpg?updatedAt=1759414892553', 'Corporate', '2024', 800, 1200),
('Office Workspace', 'corporate', 'https://ik.imagekit.io/5zp8ovb7c/Kgill/Corporate/CORPORATE15.jpg?updatedAt=1759414889617', 'Corporate', '2024', 800, 1200),
('Product Photography', 'corporate', 'https://ik.imagekit.io/5zp8ovb7c/Kgill/Corporate/CORPORATE14.jpg?updatedAt=1759414889538', 'Corporate', '2024', 800, 1200),
('Corporate Portrait', 'corporate', 'https://ik.imagekit.io/5zp8ovb7c/Kgill/Corporate/CORPORATE19.jpg?updatedAt=1759414890528', 'Corporate', '2024', 800, 1200),
('Team Building', 'corporate', 'https://ik.imagekit.io/5zp8ovb7c/Kgill/Corporate/CORPORATE2.jpg?updatedAt=1759414892388', 'Corporate', '2024', 800, 1200),
('Business Professionals', 'corporate', 'https://ik.imagekit.io/5zp8ovb7c/Kgill/Corporate/CORPORATE20.jpg?updatedAt=1759414889815', 'Corporate', '2024', 800, 1200),
('Conference Room', 'corporate', 'https://ik.imagekit.io/5zp8ovb7c/Kgill/Corporate/CORPORATE21.jpg?updatedAt=1759414902409', 'Corporate', '2024', 800, 1200),
('Corporate Headshot', 'corporate', 'https://ik.imagekit.io/5zp8ovb7c/Kgill/Corporate/CORPORATE22.jpg?updatedAt=1759414890213', 'Corporate', '2024', 800, 1200),
('Business Event', 'corporate', 'https://ik.imagekit.io/5zp8ovb7c/Kgill/Corporate/CORPORATE5.jpg?updatedAt=1759414902386', 'Corporate', '2024', 800, 1200),
('Office Professionals', 'corporate', 'https://ik.imagekit.io/5zp8ovb7c/Kgill/Corporate/CORPORATE4.jpg?updatedAt=1759414892488', 'Corporate', '2024', 800, 1200),
('Corporate Meeting', 'corporate', 'https://ik.imagekit.io/5zp8ovb7c/Kgill/Corporate/CORPORATE3.jpg?updatedAt=1759414889673', 'Corporate', '2024', 800, 1200),
('Executive Meeting', 'corporate', 'https://ik.imagekit.io/5zp8ovb7c/Kgill/Corporate/CORPORATE24.jpg?updatedAt=1759414906762', 'Corporate', '2024', 800, 1200),
('Team Photo', 'corporate', 'https://ik.imagekit.io/5zp8ovb7c/Kgill/Corporate/CORPORATE23.jpg?updatedAt=1759414892400', 'Corporate', '2024', 800, 1200),
('Business Workshop', 'corporate', 'https://ik.imagekit.io/5zp8ovb7c/Kgill/Corporate/CORPORATE6.jpg?updatedAt=1759414889643', 'Corporate', '2024', 800, 1200),
('Corporate Presentation', 'corporate', 'https://ik.imagekit.io/5zp8ovb7c/Kgill/Corporate/CORPORATE7.jpg?updatedAt=1759414889833', 'Corporate', '2024', 800, 1200),
('Office Team', 'corporate', 'https://ik.imagekit.io/5zp8ovb7c/Kgill/Corporate/CORPORATE8.jpg?updatedAt=1759414890058', 'Corporate', '2024', 800, 1200),
('Business Professionals', 'corporate', 'https://ik.imagekit.io/5zp8ovb7c/Kgill/Corporate/CORPORATE9.jpg?updatedAt=1759414890024', 'Corporate', '2024', 800, 1200),
('Modern Living Room', 'real-estate', 'https://ik.imagekit.io/5zp8ovb7c/Kgill/RealEstate/RealEstate1.png', 'Real-Estate', '2024', 800, 1200),
('Luxury Kitchen', 'real-estate', 'https://ik.imagekit.io/5zp8ovb7c/Kgill/RealEstate/RealEstate2.png', 'Real-Estate', '2024', 800, 1200),
('Spacious Bedroom', 'real-estate', 'https://ik.imagekit.io/5zp8ovb7c/Kgill/RealEstate/RealEstate3.png', 'Real-Estate', '2024', 800, 1200),
('Elegant Bathroom', 'real-estate', 'https://ik.imagekit.io/5zp8ovb7c/Kgill/RealEstate/RealEstate4.png', 'Real-Estate', '2024', 800, 1200),
('Stunning Exterior', 'real-estate', 'https://ik.imagekit.io/5zp8ovb7c/Kgill/RealEstate/RealEstate5.png', 'Real-Estate', '2024', 800, 1200),
('Beautiful Garden', 'real-estate', 'https://ik.imagekit.io/5zp8ovb7c/Kgill/RealEstate/RealEstate6.png', 'Real-Estate', '2024', 800, 1200),
('Modern Office Space', 'real-estate', 'https://ik.imagekit.io/5zp8ovb7c/Kgill/RealEstate/RealEstate7.png', 'Real-Estate', '2024', 800, 1200),
('Academic Achievement', 'graduation', 'https://ik.imagekit.io/5zp8ovb7c/Kgill/Graduation/Graduation1.jpg', 'Graduation', '2024', 800, 1200),
('Cap & Gown', 'graduation', 'https://ik.imagekit.io/5zp8ovb7c/Kgill/Graduation/Graduation2.jpg', 'Graduation', '2024', 800, 1200),
('Proud Graduate', 'graduation', 'https://ik.imagekit.io/5zp8ovb7c/Kgill/Graduation/Graduation3.jpg', 'Graduation', '2024', 800, 1200),
('Celebration Moment', 'graduation', 'https://ik.imagekit.io/5zp8ovb7c/Kgill/Graduation/Graduation4.jpg', 'Graduation', '2024', 800, 1200),
('Academic Pride', 'graduation', 'https://ik.imagekit.io/5zp8ovb7c/Kgill/Graduation/Graduation5.jpg', 'Graduation', '2024', 800, 1200),
('Milestone Celebration', 'graduation', 'https://ik.imagekit.io/5zp8ovb7c/Kgill/Graduation/Graduation6.jpg', 'Graduation', '2024', 800, 1200),
('Graduation Joy', 'graduation', 'https://ik.imagekit.io/5zp8ovb7c/Kgill/Graduation/Graduation7.jpg?updatedAt=1759469659138', 'Graduation', '2024', 800, 1200),
('Academic Success', 'graduation', 'https://ik.imagekit.io/5zp8ovb7c/Kgill/Graduation/Graduation8.jpg?updatedAt=1759469658920', 'Graduation', '2024', 800, 1200),
('Future Ahead', 'graduation', 'https://ik.imagekit.io/5zp8ovb7c/Kgill/Graduation/Graduation9.jpg?updatedAt=1759469658977', 'Graduation', '2024', 800, 1200),
('African Culture', 'africanism', 'https://ik.imagekit.io/5zp8ovb7c/Kgill/Africanism/Africanism2.jpg?updatedAt=1759474239925', 'Africanism', '2024', 800, 1200),
('African Heritage', 'africanism', 'https://ik.imagekit.io/5zp8ovb7c/Kgill/Africanism/Africanism.jpg?updatedAt=1759474239572', 'Africanism', '2024', 800, 1200),
('Cultural Expression', 'africanism', 'https://ik.imagekit.io/5zp8ovb7c/Kgill/Africanism/Africanism7.jpg?updatedAt=1759474239390', 'Africanism', '2024', 800, 1200),
('African Beauty', 'africanism', 'https://ik.imagekit.io/5zp8ovb7c/Kgill/Africanism/Africanism8.jpg?updatedAt=1759474239393', 'Africanism', '2024', 800, 1200),
('Cultural Pride', 'africanism', 'https://ik.imagekit.io/5zp8ovb7c/Kgill/Africanism/Africanism6.jpg?updatedAt=1759474239201', 'Africanism', '2024', 800, 1200),
('African Essence', 'africanism', 'https://ik.imagekit.io/5zp8ovb7c/Kgill/Africanism/Africanism3.jpg?updatedAt=1759474239013', 'Africanism', '2024', 800, 1200),
('Cultural Richness', 'africanism', 'https://ik.imagekit.io/5zp8ovb7c/Kgill/Africanism/Africanism4.jpg?updatedAt=1759474238982', 'Africanism', '2024', 800, 1200),
('African Identity', 'africanism', 'https://ik.imagekit.io/5zp8ovb7c/Kgill/Africanism/Africanism9.jpg?updatedAt=1759474239331', 'Africanism', '2024', 800, 1200),
('Cultural Heritage', 'africanism', 'https://ik.imagekit.io/5zp8ovb7c/Kgill/Africanism/Africanism5.jpg?updatedAt=1759474239165', 'Africanism', '2024', 800, 1200),
('Fashion Forward', 'fashion', 'https://ik.imagekit.io/5zp8ovb7c/Kgill/Fashion/Fashion1.jpg', 'Fashion', '2024', 800, 1200),
('Style Icon', 'fashion', 'https://ik.imagekit.io/5zp8ovb7c/Kgill/Fashion/Fashion2.jpg', 'Fashion', '2024', 800, 1200),
('Street Style', 'fashion', 'https://ik.imagekit.io/5zp8ovb7c/Kgill/Fashion/Fashion3.jpg', 'Fashion', '2024', 800, 1200),
('Fashion Culture', 'fashion', 'https://ik.imagekit.io/5zp8ovb7c/Kgill/Fashion/Fashion4.jpg', 'Fashion', '2024', 800, 1200),
('Trendsetter', 'fashion', 'https://ik.imagekit.io/5zp8ovb7c/Kgill/Fashion/Fashion5.jpg', 'Fashion', '2024', 800, 1200),
('Fashion Statement', 'fashion', 'https://ik.imagekit.io/5zp8ovb7c/Kgill/Fashion/Fashion6.jpg', 'Fashion', '2024', 800, 1200),
('Style Expression', 'fashion', 'https://ik.imagekit.io/5zp8ovb7c/Kgill/Fashion/Fashion7.jpg', 'Fashion', '2024', 800, 1200),
('Fashion Identity', 'fashion', 'https://ik.imagekit.io/5zp8ovb7c/Kgill/Fashion/Fashion8.jpg', 'Fashion', '2024', 800, 1200),
('Outstanding Style', 'fashion', 'https://ik.imagekit.io/5zp8ovb7c/Kgill/Fashion/Fashion12.jpg', 'Fashion', '2024', 800, 1200),
('Fashion Vibes', 'fashion', 'https://ik.imagekit.io/5zp8ovb7c/Kgill/Fashion/Fashion11.jpg', 'Fashion', '2024', 800, 1200),
('Fashionista Life', 'fashion', 'https://ik.imagekit.io/5zp8ovb7c/Kgill/Fashion/Fashion10.jpg', 'Fashion', '2024', 800, 1200),
('Style Journey', 'fashion', 'https://ik.imagekit.io/5zp8ovb7c/Kgill/Fashion/Fashion9.jpg', 'Fashion', '2024', 800, 1200),
('Fashion Meets', 'fashion', 'https://ik.imagekit.io/5zp8ovb7c/Kgill/Fashion/Fashion15.jpg', 'Fashion', '2024', 800, 1200),
('Style Community', 'fashion', 'https://ik.imagekit.io/5zp8ovb7c/Kgill/Fashion/Fashion13.jpg', 'Fashion', '2024', 800, 1200),
('Fashion Hangout', 'fashion', 'https://ik.imagekit.io/5zp8ovb7c/Kgill/Fashion/Fashion14.jpg', 'Fashion', '2024', 800, 1200),
('Product Showcase', 'products', 'https://ik.imagekit.io/5zp8ovb7c/Kgill/Product/Product1.jpg', 'Products', '2024', 800, 1200),
('Commercial Photography', 'products', 'https://ik.imagekit.io/5zp8ovb7c/Kgill/Product/Product2.jpg', 'Products', '2024', 800, 1200),
('Professional Styling', 'products', 'https://ik.imagekit.io/5zp8ovb7c/Kgill/Product/Product3.jpg', 'Products', '2024', 800, 1200),
('Detail Shots', 'products', 'https://ik.imagekit.io/5zp8ovb7c/Kgill/Product/Product4.jpg', 'Products', '2024', 800, 1200),
('E-commerce Ready', 'products', 'https://ik.imagekit.io/5zp8ovb7c/Kgill/Product/Product5.jpg', 'Products', '2024', 800, 1200),
('Brand Photography', 'products', 'https://ik.imagekit.io/5zp8ovb7c/Kgill/Product/Product6.jpg', 'Products', '2024', 800, 1200),
('Marketing Visuals', 'products', 'https://ik.imagekit.io/5zp8ovb7c/Kgill/Product/Product7.jpg', 'Products', '2024', 800, 1200),
('Product Presentation', 'products', 'https://ik.imagekit.io/5zp8ovb7c/Kgill/Product/Product8.jpg', 'Products', '2024', 800, 1200),
('Midnight Bass', 'studio', 'https://ik.imagekit.io/5zp8ovb7c/Kgill/Studio_Sessions/Sessions1.jpg?updatedAt=1757778687521', 'Studio Session', '2024', 800, 1200),
('Vocal Layers', 'studio', 'https://ik.imagekit.io/5zp8ovb7c/Kgill/Studio_Sessions/Sessions2.jpg?updatedAt=1757778686276', 'Studio Session', '2024', 800, 1200),
('Synth Dreams', 'studio', 'https://ik.imagekit.io/5zp8ovb7c/Kgill/Studio_Sessions/Sessions3.jpg?updatedAt=1757778686459', 'Studio Session', '2024', 800, 1200),
('Drum Mastery', 'studio', 'https://ik.imagekit.io/5zp8ovb7c/Kgill/Studio_Sessions/Sessions4.jpg?updatedAt=1757778688452', 'Studio Session', '2024', 800, 1200),
('Acoustic Soul', 'studio', 'https://ik.imagekit.io/5zp8ovb7c/Kgill/Studio_Sessions/Sessions5.jpg?updatedAt=1757778687035', 'Studio Session', '2024', 800, 1200),
('Mixing Magic', 'studio', 'https://ik.imagekit.io/5zp8ovb7c/Kgill/Studio_Sessions/Sessions6.jpg?updatedAt=1757778689476', 'Studio Session', '2024', 800, 1200),
('Corporate Headshots', 'studio', 'https://images.pexels.com/photos/3184360/pexels-photo-3184360.jpeg?auto=compress&cs=tinysrgb&w=800', 'Portrait', '2023', 800, 1200),
('LinkedIn Professional', 'studio', 'https://images.pexels.com/photos/3769714/pexels-photo-3769714.jpeg?auto=compress&cs=tinysrgb&w=800', 'Portrait', '2023', 800, 1200),
('Traditional Wedding', 'wedding', 'https://images.pexels.com/photos/1475702/pexels-photo-1475702.jpeg?auto=compress&cs=tinysrgb&w=800', 'Ceremony', '2023', 800, 1200),
('Modern Wedding', 'wedding', 'https://images.pexels.com/photos/1036857/pexels-photo-1036857.jpeg?auto=compress&cs=tinysrgb&w=800', 'Reception', '2023', 800, 1200),
('Team Building Event', 'corporate', 'https://images.pexels.com/photos/3803423/pexels-photo-3803423.jpeg?auto=compress&cs=tinysrgb&w=800', 'Corporate', '2023', 800, 1200),
('Cultural Wear', 'fashion', 'https://images.pexels.com/photos/1036862/pexels-photo-1036862.jpeg?auto=compress&cs=tinysrgb&w=800', 'Fashion', '2023', 800, 1200),
('Street Style', 'fashion', 'https://images.pexels.com/photos/157674/fashion-model-posing-157674.jpeg?auto=compress&cs=tinysrgb&w=800', 'Fashion', '2023', 800, 1200),
('Modern Villa Interior', 'real-estate', 'https://images.pexels.com/photos/1396132/pexels-photo-1396132.jpeg?auto=compress&cs=tinysrgb&w=800', 'Interior', '2023', 800, 1200),
('Luxury Apartment', 'real-estate', 'https://images.pexels.com/photos/106399/pexels-photo-106399.jpeg?auto=compress&cs=tinysrgb&w=800', 'Exterior', '2023', 800, 1200),
('Fashion Gala', 'events', 'https://images.pexels.com/photos/7775603/pexels-photo-7775603.jpeg?auto=compress&cs=tinysrgb&w=800', 'Event', '2023', 800, 1200),
('Award Ceremony', 'events', 'https://images.pexels.com/photos/1194420/pexels-photo-1194420.jpeg?auto=compress&cs=tinysrgb&w=800', 'Event', '2023', 800, 1200),
('Motorsport Action', 'sports', 'https://images.pexels.com/photos/3184361/pexels-photo-3184361.jpeg?auto=compress&cs=tinysrgb&w=800', 'Sports', '2023', 800, 1200),
('Competition Highlights', 'sports', 'https://images.pexels.com/photos/3184362/pexels-photo-3184362.jpeg?auto=compress&cs=tinysrgb&w=800', 'Sports', '2023', 800, 1200),
('Wedding Ceremony', 'wedding', 'https://images.pexels.com/photos/9324350/pexels-photo-9324350.jpeg?auto=compress&cs=tinysrgb&w=800', 'Wedding', '2023', 800, 1200),
('Fashion Event', 'event', 'https://images.pexels.com/photos/3183197/pexels-photo-3183197.jpeg?auto=compress&cs=tinysrgb&w=800', 'Event', '2022', 800, 1200),
('Brand Campaign', 'commercial', 'https://images.pexels.com/photos/3184330/pexels-photo-3184330.jpeg?auto=compress&cs=tinysrgb&w=800', 'Commercial', '2022', 800, 1200),
('Documentary Film', 'creative', 'https://images.pexels.com/photos/3184320/pexels-photo-3184320.jpeg?auto=compress&cs=tinysrgb&w=800', 'Documentary', '2021', 800, 1200),
('Real Estate Showcase', 'commercial', 'https://images.pexels.com/photos/323780/pexels-photo-323780.jpeg?auto=compress&cs=tinysrgb&w=800', 'Real Estate', '2023', 800, 1200)
ON CONFLICT DO NOTHING;

INSERT INTO youtube_videos (title, video_id, category, featured)
VALUES
('Voices of the Youth', 'Z6BPF8gbquY', 'Documentary', false),
('Kick Off season 2 Trailer', 'UX8p6XwZxbA', 'Web Series', false),
('A Sinema Mtaani | AUMA Short film', 'bp_BnrK-hOo', 'Short Film', false),
('A Sinema Mtaani | Wishes Short Film', 'MzMwB13sWWQ', 'Short Film', false),
('A Sinema Mtaani | Dark Valentine Short Film', 'NWPQemVFUXQ', 'Short Film', false),
('A Sinema Mtaani Shortfilm| The Other End Trailer', '6vTyk8g3DBc', 'Short Film', false),
('A Sinema Mtaani | Situations Short Film Trailer', 'kkEgPEcen5Q', 'Short Film', false),
('Making of Sinema Mtaani Short Films | Situations Short Film (BTS)', 'scdj1xKxDqs', 'Behind the Scenes', false),
('KICK OFF S01 E01(Kevo Hajui Kuomba Mechi)', 'EgO4wXrZ2iU', 'Web Series', false),
('KICK OFF EPISODE 4 (Anguka na Dem wa Morio)', 'Z2b4uT16Kmk', 'Web Series', false),
('Welcome to Kgill Tv (For People Like You)', 'X1zNzenFvUk', 'Promo', false),
('Social Media Influence on Gen-Zs #UnapologeticallyAdults', 'NpwD7mRM8-s', 'Podcast', false)
ON CONFLICT (video_id) DO UPDATE SET title = EXCLUDED.title, category = EXCLUDED.category;
